"ID","Ethnic.Group","Age.in.Year","Height.cm","Malaria.Infection","Temperature","Anaemia","Low.Hemoglobin","rs2243283","rs25882","rs2289276","rs3024500","rs334"
101005,"Wachaga",38,170,0,36,"No","No","CC","CT","CT","AA","AA"
101015,"Wachaga",37,159,0,35.59999847,"No","No","CC","CT","CT","AG","AA"
101039,"Wachaga",27,162,0,36.40000153,"No","No","CG","CT","CC","AG","AA"
101059,"Wachaga",43,176,0,36,"No","No","CG","CT","CC","AG","AA"
101062,"Wachaga",41,169,0,36.59999847,"No","No","CC","TT","CC","AG","AA"
101086,"Wachaga",38,183,0,36.20000076,"No","No","CC","TT","CT","AG","AA"
101088,"Wachaga",37,174,0,36.20000076,"No","No","CC","CT","CC","AG","AA"
101103,"Wachaga",38,169,0,35.79999924,"No","No","CC","TT","CT","GG","AA"
101114,"Wachaga",18,172,0,36.79999924,"Yes","Yes","CC","TT","CT","AA","AA"
101120,"Wachaga",37,176,0,36.29999924,"No","No","CC","TT","CT","AG","AA"
101131,"Wachaga",32,179,0,36.40000153,"No","No","CG","TT","CT","AA","AA"
101132,"Wachaga",30,167,0,36.70000076,"No","No","CC","CT","CC","AG","AA"
101133,"Wachaga",42,168,0,36.29999924,"No","No","CC","TT","CT","GG","AA"
101138,"Wachaga",39,172,0,36.59999847,"No","No","CG","TT","TT","AG","AA"
101166,"Wachaga",30,169,0,36.59999847,"No","No","CC","TT","CC","AG","AA"
101181,"Wachaga",29,167,0,36.40000153,"No","No","CC","TT","CC","AG","AA"
101183,"Wachaga",28,168,0,35.79999924,"No","Yes","CC","CT","CC","AG","AA"
101187,"Wachaga",32,155,0,35.90000153,"No","No","CC","CT","CC","AG","AA"
101188,"Wachaga",22,178,0,36.59999847,"No","No","CC","CT","CT","GG","AA"
101189,"Wachaga",24,175,0,36.40000153,"No","No","CC","CT","CC","GG","AA"
101194,"Wachaga",37,166,0,36.5,"No","No","CC","CC","CC","AG","AA"
101205,"Wachaga",35,160,0,36.29999924,"No","No","CC","CT","CC","AG","AA"
101226,"Wachaga",37,174,0,36.59999847,"No","No","CC","TT","CT","AG","AA"
101237,"Wachaga",30,160,0,36.70000076,"No","No","CC","TT","CC","AG","AA"
101238,"Wachaga",31,181,0,36.09999847,"No","No","CC","CT","CC","GG","AA"
101247,"Wachaga",42,156,0,36,"No","No","CC","CT","CT","GG","AA"
102001,"Wachaga",37,176,0,36.29999924,"No","No","CC","TT","CC","AG","AA"
102036,"Wachaga",42,169,0,35.59999847,"No","No","CC","TT","CC","AG","AA"
102046,"Wachaga",39,175,0,36.5,"No","No","CG","TT",NA,"AG","AA"
102058,"Wachaga",43,163,0,36.29999924,"No","No","CC","CC","CC","AA","AA"
102114,"Wachaga",38,176,0,37,"No","No","CG","TT","CC","AA","AA"
102154,"Wachaga",21,162,0,37.20000076,"No","Yes","CC","TT","CT","GG","AA"
102169,"Wachaga",35,171,0,36.70000076,"No","No","CC","CT","TT","AA","AA"
102172,"Wachaga",37,169,0,36.5,"No","No","CC","TT","CC","AG","AA"
102176,"Wachaga",35,173,0,36.59999847,"No","No","CG","CT","CT","AG","AA"
102195,"Wachaga",23,170,0,36.20000076,"No","No","CC","CT","TT","AG","AA"
102210,"Wachaga",39,164,0,36.5,"No","No","CG","CT","CC","GG","AA"
102211,"Wachaga",32,152,0,35.70000076,"No","No","CC","CT","CT","AG","AA"
102219,"Wachaga",37,166,0,36.09999847,"No","No","CC","CC","CC","AG","AA"
102226,"Wachaga",33,168,0,36.29999924,"No","No","CC","CT","CT","AA","AA"
103010,"Wachaga",38,172,0,36,"No","No","CC","TT","CC","GG","AA"
103020,"Wachaga",20,163,0,36.20000076,"No","Yes","CC","CT","CC","AG","AA"
103050,"Wachaga",34,154,0,36.70000076,"No","No","CC","CT","CT","AG","AA"
103054,"Wachaga",38,178,0,35.5,"No","No","CC","TT","CC","GG","AA"
103104,"Wachaga",23,171,0,36.79999924,"No","No","CC","CT","CT","AA","AA"
103108,"Wachaga",29,177,0,36.5,"No","No","CC","CC","CC","AG","AA"
103121,"Wachaga",20,164,0,36.79999924,"No","No","CC","CT","CT","GG","AA"
103152,"Wachaga",38,169,0,36.09999847,"No","No","CC","TT","CT","GG","AA"
103183,"Wachaga",40,159,0,36.09999847,"No","No","CC","CT","CC","AG","AA"
103185,"Wachaga",21,174,0,37,"No","No","GG","CT","CC","AG","AA"
103187,"Wachaga",31,167,0,35.79999924,"No","No","CC","TT","CC","AA","AA"
103191,"Wachaga",37,169,0,36.79999924,"No","No","CC","CC","CC","AG","AA"
103192,"Wachaga",35,157,0,36.09999847,"No","No","CC","CT","CC","AG","AA"
103195,"Wachaga",31,179,0,35.70000076,"No","No","CC","TT","CT","AG","AA"
103213,"Wachaga",43,166,0,36,"No","No","CC","CT","CT","AG","AA"
103220,"Wachaga",23,169,0,36.70000076,"No","No","CG","CT","CC","AA","AA"
104002,"Wapare",38,176,0,35.70000076,"No","No","CC","CT","CC","GG","AA"
104015,"Wapare",24,170,0,36.5,"No","No","CC","CT","CT","AG","AA"
104016,"Wapare",35,166,0,36.09999847,"No","No","CC","TT","CT","AA","AA"
104052,"Other",31,169,0,36.40000153,"No","No","CC","CT","CT","AA","AA"
104093,"Wapare",23,160,0,36.20000076,NA,NA,"CC","CT","CC","AA","AA"
104147,"Wapare",23,171,0,36.90000153,"No","No","CC","TT","CT","AG","AA"
104175,"Wapare",31,171,0,37.29999924,"No","No","CC","TT","CC","AG","AA"
104188,"Wapare",39,167,0,36.70000076,"No","No","CC","TT","CC","AA","AA"
104196,"Wapare",35,174,0,36.90000153,"No","No","CC","TT","CC","AA","AA"
104201,"Wapare",41,167,0,36.20000076,"No","No","CC","TT","CC","AG","AA"
104206,"Wapare",35,168,0,36.70000076,"No","No","CG","CT","CC","AG","AA"
104221,"Wapare",27,169,0,37.5,"No","No","CC","CT","CT","AG","AA"
105001,"Wapare",34,168,0,36.09999847,"No","No","CC","CC","CC","AG","AA"
105002,"Wapare",30,164,0,36.59999847,"No","No","GG","TT","CC","AG","AA"
105003,"Wapare",28,154,0,35.79999924,"No","No","CC",NA,"CC","AG","AA"
105004,"Wapare",28,164,0,36.59999847,"No","No","CC","TT","CC","AG","AA"
105016,"Wapare",36,171,1,35.29999924,"No","No","CC",NA,"CC","GG","AA"
105020,"Wapare",44,169,0,39.09999847,"No","No","CG","TT","CT","AA","AA"
105024,"Wapare",36,165,0,36.40000153,"No","No","CC","TT","CC","AG","AA"
105031,"Wapare",22,154,1,37.29999924,"No","Yes","CC",NA,"CC","AA","AA"
105093,"Wapare",18,172,1,36.79999924,"No","No","CG","CT","CT","AG","AA"
105148,"Wapare",42,166,0,36.5,"No","No","CG","CT","CC","AA","AA"
105153,"Wapare",21,170,0,36.5,"No","No","GG","TT","CC","AG","AA"
105154,"Wachaga",35,165,0,36.90000153,"No","No","CC","CT","CC","AA","AA"
105155,"Wapare",31,160,0,36.09999847,"No","No","CC","TT","CC","AG","AA"
105165,"Wapare",33,160,0,35.70000076,"No","No","CC","TT","CC","AA","AA"
105169,"Wapare",41,180,0,36.40000153,"No","No","CG","TT","CC","AA","AA"
105174,"Wapare",33,168,0,35.5,"No","No","CC","TT","CC","AG","AA"
105216,"Wapare",27,170,0,36.09999847,"No","No","CC","CT","CC","AA","AT"
106001,"Wapare",34,171,0,36.5,"No","No","CG","CC","CC","AA","AA"
106041,"Wapare",40,157,1,36.40000153,"No","No","CC","CT","CC","AA","AA"
106055,"Wapare",34,174,0,36,"No","No","CC","CC","CC","AG","AA"
106137,"Wapare",19,176,0,36,"No","No","CG","CT","CC","AG","AA"
106145,"Wapare",37,169,0,36.5,"No","No","CC","TT","CC","AG","AA"
107015,"Wapare",26,172,0,36.40000153,"No","No","CG","TT","CT","AG","AA"
107066,"Wapare",31,168,0,36,"No","No","CC","CT","CC","AA","AA"
107164,"Wapare",20,166,0,36.5,"No","No","CC","CT","CC","AG","AA"
107171,"Wapare",24,162,0,37,"No","No","CG","CT","CC","AG","AA"
107175,"Wapare",31,163,0,36,"No","No","CC","TT","CC","AG","AA"
107212,"Wapare",26,179,0,36.70000076,"No","No","CC","CC","CC","AA","AA"
107225,"Wapare",34,170,0,37,"No","No","GG","TT","CC","GG","AA"
108001,"Wapare",40,163,0,35.5,"No","No","CC","TT","CC","AG","AA"
108002,"Wapare",36,167,0,36.09999847,"No","No","CC","TT","CC","AG","AA"
108007,"Other",35,177,0,36.20000076,"No","No","CC","CT","CC","AG","AA"
108008,"Wapare",23,161,0,36.29999924,"No","No","CC","TT","CC","AG","AA"
108009,"Wapare",26,171,0,35.59999847,"No","No","CG","TT","CC","GG","AA"
108011,"Wapare",20,167,0,36.59999847,"No","No","CG","TT","CC","AG","AA"
108012,"Wapare",23,173,0,36.29999924,"No","No",NA,"TT","CT","AG","AA"
108013,"Wapare",33,160,0,36.09999847,"No","No","CC","TT",NA,"GG","AA"
108048,"Wachaga",44,166,0,35.90000153,"No","No","CG","CT","CC","AA","AA"
108058,"Other",44,175,0,36,"No","No","CG","CT","CC","AG","AA"
108059,"Wapare",26,173,0,35.59999847,"No","No","CC","CT","CC","AG","AA"
108065,"Wachaga",31,165,0,36.70000076,"No","No","CG",NA,"CC","GG","AA"
108070,"Wapare",36,168,0,36.20000076,"No","No","CC","CT","CC","AG","AA"
108076,"Wapare",44,179,0,35.79999924,"No","No","CG","CT","CC","AA","AA"
108083,"Wapare",40,170,0,36.79999924,"No","No","CC","CT","CC","AA","AA"
108084,"Wapare",25,171,0,35.70000076,"No","No","CC","CT","CC","AG","AA"
108087,"Other",40,162,0,36.70000076,"No","No","CC","TT","CC","AG","AA"
108092,"Wapare",34,160,0,36.40000153,"No","No","CC","CT","CT","AG","AA"
108109,"Wapare",20,165,0,36.40000153,"No","No","CC","CT","CC","AG","AA"
108140,"Wapare",33,173,0,36.59999847,"No","No","CC","CT","CC","AA","AA"
108163,"Wapare",28,170,0,36.59999847,"No","No","CG","CT","CC","AA","AA"
108165,"Wapare",20,166,0,36.40000153,"No","No","CC","TT","CC","AA","AA"
108185,"Other",28,166,0,37,"No","No","CC","TT","CC","GG","AA"
108186,"Other",44,160,0,36.20000076,"No","No","CC","CT","CT","AA","AT"
108192,"Wapare",21,162,0,35.20000076,"No","No","CC","TT","CC","GG","AA"
108193,"Wapare",36,161,0,36.5,"No","No","CC","CT","CT","AG","AA"
108197,"Wapare",42,167,0,36.70000076,"No","No","GG","TT","CC","AG","AA"
108199,"Wapare",21,164,0,37.20000076,"No","No","CC","CC","CC","AG","AA"
108200,"Wapare",23,157,0,36.20000076,"No","No","CC","TT","CC","AA","AA"
108202,"Wachaga",32,169,0,36.20000076,"No","No","CC","TT","CC","AG","AA"
108203,"Wachaga",25,173,0,36.29999924,"No","No","CG","CT","CT","AG","AA"
109004,"Wapare",25,178,0,36.70000076,"No","Yes","CG","TT","CC","AG","AA"
109029,"Wapare",18,150,0,35.70000076,"No","No","CG","CT","CT","GG","AA"
109035,"Wachaga",28,155,0,36.20000076,"No","No","CC","TT","CC","AG","AA"
109036,"Wapare",38,169,0,36,"No","No",NA,NA,"CC",NA,NA
109037,"Wapare",32,149,0,35.29999924,"No","No","CC","CT","CC","AG","AA"
109038,"Wapare",30,161,0,34.90000153,"No","No","CC","CT","CC","AG","AA"
109053,"Wapare",44,151,0,36.09999847,"No","No","CC","CT","CC","GG","AA"
109056,"Wapare",41,170,0,36.5,"No","No","CC","TT","CC","AG","AA"
109074,"Wapare",44,160,0,NA,"No","No","CC","TT","CC","AG","AA"
109091,"Wapare",29,150,0,37.20000076,"No","Yes","CC","TT","CC","AG","AA"
109100,"Wapare",44,160,0,36.5,"No","No","CC","TT","CC","AG","AA"
109102,"Wapare",36,164,0,36,"No","No","CC","TT","CC","AG","AA"
109104,"Wapare",39,154,0,36,"No","No","CC",NA,"CT","AA","AA"
109113,"Wapare",28,167,0,35.70000076,"No","No","CC","CT","CC","GG","AA"
109118,"Wapare",19,177,0,36.29999924,"No","No","CC","CT","CC","AG","AA"
109122,"Wapare",18,163,0,36.5,"No","No","CC","TT","CC","AG","AA"
109124,"Wapare",29,158,0,36.20000076,"No","No","CC","TT","CT","AA","AA"
109125,"Wapare",42,157,0,35.90000153,"No","No","CC","TT","CT","AG","AA"
109126,"Wapare",27,153,0,35.09999847,"No","No","CC","TT","CC","AG","AA"
109148,"Wapare",32,171,0,36.70000076,"No","No","CC","CC","CT","GG","AA"
109149,"Wapare",41,171,0,36.09999847,"No","No","CC","CT","CC","AG","AA"
109156,"Wapare",36,154,0,36.40000153,"No","No","CC","TT","CC","AA","AA"
109168,"Wapare",31,155,0,35.70000076,"No","No","CG","CT","CC","AA","AA"
109170,"Wapare",29,152,0,36.90000153,"No","No","CC",NA,"CC","AA","AA"
109177,"Wapare",38,153,0,36.40000153,"No","No","CC","CC","CT","AG","AA"
109178,"Wapare",43,162,0,35.90000153,"No","No","CC","CC","CC","AG","AA"
109179,"Wapare",19,168,0,36.20000076,"No","No","CC","TT","CT","AG","AA"
109185,"Wapare",26,168,0,36.59999847,"No","No","CG","TT","CC","AG","AA"
109186,"Wapare",42,160,0,36.40000153,"No","No","CG","CT","CC","AG","AA"
109188,"Wapare",36,161,0,36,"No","No","CC","CT","CC","GG","AA"
109193,"Wapare",34,162,0,36.09999847,"No","No","CC","CT","CT","AG","AA"
109195,"Wapare",37,167,0,35.79999924,"No","No","CG","CT","CC","AG","AA"
109209,"Wapare",43,162,0,35.79999924,"No","No","CC","CC","CT","AG","AA"
109210,"Wapare",36,163,0,35.79999924,"No","No","CC","TT","CC","AA","AA"
110041,"Wapare",41,163,0,36.29999924,"No","No","CG","CT","CC","AG","AA"
110042,"Wapare",18,159,0,36.79999924,"No","No","CC","CC","CC","GG","AA"
110051,"Wapare",43,173,0,36.5,"No","No","GG","CT","CC","AG","AA"
110069,"Wapare",18,185,0,35.5,"No","No","CC","CT","CC","GG","AA"
110081,"Wapare",34,160,0,35.79999924,"No","No","CC","CT","CC","AG","AA"
110130,"Wapare",18,166,0,36.59999847,"No","No","CG","TT","CC","GG","AA"
110131,"Wapare",40,160,0,36.20000076,"No","No","CC","CT","CT","AG","AA"
110132,"Wachaga",31,166,0,36.59999847,"No","No","GG","TT","CT","AG","AA"
110135,"Wapare",41,176,1,36,"No","No","CC","TT","CC","AA","AA"
110139,"Wapare",23,166,0,36.90000153,"No","No","CC","TT","CC","AA","AA"
110141,"Wapare",35,163,0,36.59999847,"Yes","Yes","CC","TT","CC","AG","AA"
110143,"Wapare",41,157,0,36.09999847,"No","No","CC","TT","CT","AG","AA"
110145,"Wapare",44,168,0,36.5,"No","No","CC","TT","CC","AA","AA"
110147,"Wapare",39,158,0,36.59999847,"No","No","CC","TT","CC","GG","AA"
110164,"Wapare",22,162,0,36.59999847,"No","No","CG","CT","CC","GG","AA"
110165,"Wapare",44,167,1,36.5,"No","No","CC","CT","CC","AA","AA"
110166,"Wapare",36,164,0,36.40000153,"No","No","CC","TT","CC","AA","AA"
110187,"Wapare",29,164,0,36.29999924,"No","No","CG","TT","CC","AG","AA"
110205,"Wapare",29,156,0,35.70000076,"No","No","CC","TT","CT","AA","AA"
110209,"Wapare",24,159,0,36.5,"No","No","CC",NA,"CC","AG","AA"
110214,"Wapare",27,156,0,36.5,"No","No","CG","TT","CC","AA","AA"
110216,"Wapare",36,155,0,36.5,"No","Yes","GG","CT","CC","AG","AA"
110249,"Wapare",22,165,0,35.70000076,"No","No","CC","TT","CC","AA","AA"
111014,"Wapare",22,166,0,36.5,"No","No","CC","TT","CC","AA","AA"
111025,"Wapare",21,160,0,36.59999847,"No","No","CC","CT","CC","AA","AA"
111045,"Wapare",36,170,0,36.40000153,"No","Yes","CG","TT","CC","GG","AA"
111127,"Wapare",18,166,0,36.79999924,"No","No","CG","TT","CC","AG","AA"
111130,"Wapare",25,157,0,36.79999924,"No","No","CC","CT","CT","GG","AA"
111132,"Wapare",26,168,0,37.20000076,"No","No","GG","TT","TT","GG","AA"
111136,"Wapare",19,163,0,36.5,"No","No","CC","CT","CC","GG","AA"
111138,"Wapare",26,150,0,37,"Yes","Yes","CC","TT","CC","AA","AA"
111147,"Wapare",21,170,0,36.5,"No","No","CC","TT","CC","AG","AA"
111169,"Wapare",24,179,0,36.09999847,"No","No","CG","TT","CC","AA","AA"
111176,"Wapare",19,160,0,36.20000076,"No","No","CC","TT","CC","AG","AA"
111195,"Wapare",34,153,0,36.29999924,"No","No","CC","TT","CC","AG","AA"
111196,"Wapare",27,158,0,35.70000076,"No","No","CC","TT","CC","AG","AT"
111220,"Wapare",43,181,1,36.09999847,"No","No","GG","TT","CC","GG","AA"
111225,"Wapare",21,158,0,36.59999847,"No","No","CC","TT","CC","AG","AA"
111233,"Wapare",35,158,0,36.79999924,"No","No","CC","TT","CC","AG","AA"
112001,"Wapare",38,162,0,37.20000076,"No","No","CC","TT","CC","AG","AA"
112068,"Wapare",35,167,0,36.40000153,"No","No","CC","TT","CT","AG","AT"
112074,"Wasambaa",31,153,0,36.70000076,"No","No","CC","CT","CC","GG","AA"
112075,"Wasambaa",44,162,0,36.59999847,"No","No","CC","TT","CC","AA","AA"
112083,"Wapare",21,158,0,37.09999847,"No","No","CC","CC","CT","GG","AA"
112084,"Wapare",28,162,0,36.90000153,"No","No","CC","TT","CT","GG","AA"
112091,"Wapare",37,169,0,36.90000153,"No","No","CC","CT","CC","GG","AA"
112111,"Other",29,157,0,35.79999924,"No","No","CC","TT","CC","AG",NA
112150,"Wapare",25,157,0,37.09999847,"No","No","CC","TT","CC","AG","AA"
112161,"Wapare",30,165,0,36.20000076,"No","No","CC","TT","CC","AG","AA"
112162,"Wapare",29,166,0,36.09999847,"No","No","CC","CT","CC","GG","AA"
112165,"Wapare",24,183,0,36.20000076,"No","No","CG","TT","CT","GG","AA"
112172,"Wapare",41,161,0,NA,"No","No","CG","TT","CC","AG","AA"
112176,"Wapare",22,149,1,36.79999924,"No","No","CG",NA,"CC","AG","AA"
112177,"Wapare",37,163,1,36.40000153,"No","No","CC","TT","CC",NA,"AA"
112178,"Wapare",31,169,0,36.20000076,"No","No","CG","CT","CT",NA,NA
112181,"Wasambaa",35,166,1,36.29999924,NA,NA,"CG","TT","CT","AG","AA"
112182,"Wasambaa",24,163,0,36.5,"No","No","CC","CT","CC","AA","AA"
112187,"Wasambaa",32,174,0,37,"No","No","CC","TT","CC","AG","AA"
112191,"Wapare",42,154,0,36.20000076,"No","No","CC","TT","CC","AG","AA"
112212,"Wapare",32,170,0,36.09999847,"No","No","CC","TT","CC","AG","AA"
112215,"Wapare",19,154,0,36.40000153,"No","No","CC","TT","CC","AA","AA"
112248,"Wapare",37,157,0,37,"No","No","CC","TT","CC","AG","AA"
112249,"Wapare",24,149,0,36.5,"No","No","CC","CT","CC","AG","AA"
113041,"Wasambaa",35,159,0,36.20000076,"No","No","CG","TT","CC","AG","AA"
113053,"Other",41,170,0,36.20000076,"No","No","CG","CT","CC","AA","AA"
113054,"Wasambaa",40,187,0,37,"No","No","GG","TT","CT","AG","AA"
113055,"Wasambaa",22,185,0,35.29999924,"No","No","CC","CT","CC","AG","AA"
113059,"Wasambaa",22,184,0,36.40000153,"No","No","CG","TT","CC","AG","AA"
113118,"Other",38,155,0,37.29999924,"No","No","CG","CC","CT","GG","AA"
113119,"Wasambaa",40,160,0,36.5,"No","No","CC","CC","TT","AA","AA"
113120,"Wasambaa",18,170,0,36,"No","No","CG","TT","CT","AG","AA"
113121,"Other",21,168,0,36.5,"No","No","CG","CT","CC","AA","AA"
113124,"Wasambaa",21,188,0,36.5,"No","No","CC","TT","CT","GG","AA"
113131,"Wasambaa",21,173,0,35.79999924,"No","No","CC","CT","CC","AA","AA"
113170,"Wapare",26,155,0,35.90000153,"No","No","CC","TT","CC","AG","AA"
113172,"Wapare",29,169,1,36.40000153,"No","No","CC","TT","CC","AG","AA"
113173,"Wasambaa",40,171,0,36.5,"No","No","CG","TT","CC","AG","AA"
113193,"Other",42,159,0,37,"No","No","CC","CT","CC","GG","AA"
113199,"Other",29,176,0,37,"No","No","CC","CC","CT","AA","AA"
113200,"Wasambaa",42,173,0,36,"No","No","CG","CT","CC","GG","AA"
114001,"Wasambaa",36,163,1,36.20000076,"No","No","CG","TT","CC","GG","AA"
114075,"Wasambaa",42,178,0,35.79999924,"No","No","CC","CT","CC","AG","AA"
114091,"Wasambaa",39,147,0,37,"No","No","CC","TT","CT","GG","AA"
114101,"Wasambaa",18,148,1,36.20000076,"No","No","CC","TT","CT","GG","AA"
114104,"Wasambaa",20,150,1,36.40000153,"No","No","CG","CT",NA,"AG","AA"
114125,"Wasambaa",33,169,0,36,"No","No",NA,"CC","CC","AG","AA"
114157,"Wasambaa",18,169,0,36.59999847,"No","No","CC","TT","CC","GG","AA"
114160,"Wasambaa",36,164,0,37.29999924,"No","No","CC","TT","CC","AA","AA"
114166,"Wasambaa",34,162,0,36.40000153,"No","No","CG","CT",NA,"AA","AA"
114170,"Wasambaa",22,160,0,36.79999924,"No","No","CG","CT","CC","AG","AA"
114192,"Wasambaa",25,158,0,35.40000153,"No","Yes","CC","TT","CC","AG","AA"
114194,"Wasambaa",22,170,0,36.29999924,"No","No","CG","CC","CC","AA","AA"
114195,"Wasambaa",35,157,1,37.70000076,"No","Yes","CC","TT","CC","AG","AA"
114204,"Wasambaa",38,165,0,36,"No","No","CG","TT","CC","AG","AA"
114207,"Wasambaa",26,168,0,36.5,"No","No","CG","CT","CC","GG","AA"
114210,"Wasambaa",41,165,0,36.20000076,"No","No","CG","TT","CT","AG","AA"
114215,"Wasambaa",35,154,0,36.40000153,"No","No","CC","TT","CT","GG","AA"
115001,"Wasambaa",41,174,0,35.70000076,"No","No","CG","CT","CT","AG","AA"
115002,"Wasambaa",30,164,0,36.20000076,"No","No","CC","TT","CC","GG","AA"
115003,"Other",30,176,0,36.5,"No","No","CC","TT","CC","AG","AA"
115004,"Wasambaa",42,171,0,36.5,"No","No","CC","TT","CC","GG","AA"
115005,"Wasambaa",32,165,0,36.20000076,"No","No","CG","CT","CC","GG","AA"
115006,"Wasambaa",32,162,0,36.09999847,"No","No","CC","TT","CC","AG","AA"
115007,"Wasambaa",30,169,0,36.59999847,"No","No","CC","CT","CC","GG","AA"
115009,"Wasambaa",22,173,0,37.5,"No","No","CC","CT","CC","GG","AA"
115010,"Wasambaa",23,163,0,36.29999924,"No","No","CG","TT","CC","AG","AA"
115011,"Wasambaa",35,163,1,36.29999924,"No","No","CG","TT","CT","GG","AA"
115012,"Wasambaa",32,164,0,37.5,"No","No","CC","CT","CC","AG","AA"
115014,"Wasambaa",21,172,0,36.09999847,"No","No","CC","TT","CC","AA","AA"
115028,"Wasambaa",25,160,0,36.79999924,"No","No","CG","CC","CC","GG","AA"
115087,"Wasambaa",27,177,0,35.90000153,"No","No","CC","CT","CC","GG","AA"
115088,"Wasambaa",28,175,1,37.5,"No","No","CG","TT","CC","AG","AA"
115098,"Wasambaa",22,171,0,37.29999924,"No","No","CG","CC","CC","GG","AA"
115101,"Wasambaa",22,165,0,35.40000153,"No","No","CC","TT","CC","AG","AA"
115102,"Wasambaa",25,165,0,36.90000153,"No","Yes","CG","TT",NA,"GG","AA"
115103,"Wasambaa",26,159,0,36.09999847,"No","No","CG","CT","CC","AA","AA"
115116,"Wasambaa",18,156,0,36.90000153,"No","No","CC","TT",NA,"AG","AA"
115120,"Other",29,171,0,36.20000076,"No","No","CC","CT","CC","GG","AA"
115134,"Wasambaa",30,154,0,37.09999847,"No","No","CC","TT","CT","AG","AA"
115142,"Wasambaa",20,162,0,36.70000076,"Yes","Yes","CC","TT","CT","AG","AA"
115143,"Wasambaa",19,166,0,36.5,"No","No","CC",NA,NA,"AG","AA"
115145,"Wasambaa",38,167,0,35.40000153,"No","No","CG","CT","CC","GG","AA"
115148,"Wasambaa",37,172,0,35.70000076,"No","No","CC","TT","CC","AA","AA"
115154,"Wasambaa",37,158,0,36.79999924,"No","No","CG","CT","CC","AG","AA"
116002,"Wasambaa",42,157,0,37.29999924,"No","No","CC","TT","CT","AA","AA"
116022,"Wasambaa",42,161,0,35.70000076,"No","No","CC","TT","CC","AA","AA"
116036,"Wasambaa",37,157,1,36.09999847,"Yes","Yes","CG","TT","CC","AG","AA"
116074,"Wasambaa",21,177,0,37.59999847,"No","No","CC","TT","CC","AA","AA"
116186,"Wasambaa",29,174,0,35.79999924,"No","No","CG","CT","CC","AA","AA"
116188,"Wasambaa",31,167,0,36.29999924,"No","No","CC","CT","CC","AG","AA"
116228,"Wasambaa",19,137,0,36.09999847,"No","No","CC","CT","CC","AA","AA"
117113,"Wasambaa",28,164,0,35.90000153,"No","No","CG","CC",NA,"AG","AA"
117119,"Wapare",38,157,0,36.20000076,"No","No","CG","CC","CC","AG","AA"
117138,"Wapare",34,180,0,35.79999924,"No","No","CG","CT","CC","AG","AA"
117147,"Wasambaa",19,166,0,36.59999847,"No","No","CC","CT","CT","AG","AA"
117187,"Wasambaa",21,165,0,37.20000076,"No","No",NA,NA,NA,"AG","AA"
117188,"Wasambaa",25,163,0,36.09999847,"No","No","CG","CT","CC","GG","AA"
118020,"Wasambaa",37,168,0,36,"No","Yes","CC","TT","CC","AG","AA"
118128,"Wasambaa",19,165,0,36.40000153,"No","No","CC","TT","CC","AA","AA"
118156,"Wasambaa",43,166,0,35,"No","No","CG","TT","CT","AG","AA"
118157,"Wasambaa",44,176,0,35,"No","No","CC","TT","CC","AG","AA"
118158,"Wasambaa",43,164,0,36.20000076,"No","No","CC","TT","CT","AG","AA"
118161,"Wasambaa",30,167,0,35.90000153,"No","No","CC","CT","CC","GG","AA"
118162,"Wasambaa",32,157,0,36.29999924,"No","No","CC","TT","CC","AG","AA"
118168,"Wasambaa",37,173,0,36,"No","No","CC","CT","CC","AA","AA"
119010,"Wasambaa",35,175,0,36.09999847,"No","No","CG","CT",NA,"GG","AA"
119023,"Wasambaa",32,180,0,35.70000076,"No","No","CC","CT","TT","AA","AA"
119025,"Wasambaa",31,174,0,36.70000076,"No","Yes","CG","CT","CT","GG","AA"
119028,"Wasambaa",26,159,0,36.90000153,"No","No","CC","CT","CT","GG","AA"
119030,"Wasambaa",28,163,0,36.5,"No","No","CC","CC","CC","GG","AA"
119037,"Wasambaa",40,153,0,36.59999847,"No","No","CC","TT",NA,"AG","AA"
119045,"Wasambaa",39,164,0,36,"No","No","CC","CT","CC","AG","AA"
119046,"Wasambaa",20,172,1,36,"No","No","CG","CT","CC","GG","AA"
119047,"Other",28,163,1,36.20000076,"No","Yes","CC","CT","CC","GG","AA"
119048,"Wasambaa",37,162,0,35.79999924,"No","No","CC","TT","CT","GG","AA"
119049,"Wasambaa",24,163,0,36.59999847,"No","No","CC","CT","CC","AG","AA"
119052,"Other",21,164,0,36.29999924,"No","No","CC","CT","CC","GG","AA"
119053,"Wasambaa",21,147,1,36.29999924,"No","No","CC","CT","CT","AG","AA"
119065,"Wasambaa",18,166,0,36.20000076,"No","No","CG","CT","CC","AA","AA"
119077,"Wasambaa",33,170,1,36.5,"No","No","CG","CC","CC","AG","AA"
119083,"Wasambaa",27,162,0,36.79999924,"No","No","CC","TT","CC","AG","AA"
119084,"Wasambaa",27,174,0,36.90000153,"No","No","CC","CT","CT","AA","AA"
119090,"Wasambaa",44,171,0,36,"No","No","CC","TT","CC","GG","AA"
119092,"Wasambaa",37,168,0,36.59999847,"No","No","GG","CC","CC","GG","AA"
119093,"Wapare",43,171,0,36.20000076,"No","No","CG","CT","CC","AG","AA"
119094,"Wasambaa",29,161,0,36.20000076,"No","No","CC","CT","CC","AG","AA"
119108,"Wasambaa",30,159,1,36.29999924,"No","No","CG","TT","CC","GG","AA"
119110,"Other",42,174,0,36.40000153,"No","No","CC","TT","CC","GG","AA"
119122,"Wasambaa",20,154,1,36.70000076,"Yes","Yes","CC","TT","CT","AG","AA"
119139,"Wasambaa",34,158,0,35.70000076,"No","No","CC","TT","CT","AG","AA"
119140,"Wasambaa",24,175,NA,36,"No","Yes","CG","CT","CT","AG","AA"
119141,"Wasambaa",20,170,0,36.20000076,"No","No","CG","CT","CC","AG","AA"
119145,"Other",35,160,0,36.59999847,"No","Yes","CC","CT","CC","GG","AA"
119164,"Wasambaa",42,169,1,36,"No","No","CC","CT","CC","AG","AA"
119171,"Wasambaa",43,168,0,36.09999847,"No","No","CC","TT","CC","AG","AA"
119194,"Wasambaa",37,163,0,36.59999847,"No","No","CG","CT","CT","AA","AA"
120001,"Wasambaa",29,172,1,36.90000153,"Yes","Yes","CG","CT","CT","AA","AA"
120018,"Wasambaa",33,164,0,36.40000153,"No","No","CC","TT","CC","AG","AA"
120041,"Wasambaa",39,170,0,36.90000153,"Yes","Yes","CC","TT","CC","GG","AA"
120063,"Wapare",38,172,0,36.70000076,"No","No","CC","CT","CT","GG","AA"
120096,"Wasambaa",25,171,NA,37.59999847,"No","No","CG","TT","CC","GG","AA"
120123,"Wasambaa",29,166,0,36.59999847,"No","Yes","CC","CT","CC","GG","AA"
120128,"Wasambaa",44,165,0,35.79999924,"No","No","CG","CT","CC","AG","AT"
120130,"Wasambaa",35,174,0,36.70000076,"No","No","CG","TT","CC","AG","AA"
120173,"Wasambaa",44,160,0,37,"No","No","CG","CT","CC","AG","AA"
120179,"Wapare",38,170,0,37.20000076,"No","No","CG","TT","CC","GG","AA"
120204,"Wasambaa",37,159,0,36.5,"No","No","CG","CT","CC","AG","AA"
120208,"Wasambaa",20,169,0,36.5,"No","No","CG","TT","CC","AA","AT"
120213,"Wasambaa",19,174,1,37.20000076,"No","No","CC","TT","CT","GG","AA"
121001,"Wasambaa",19,153,0,36.59999847,"No","No","CC","CT","CC","AA","AA"
121016,"Wapare",26,153,0,36.09999847,"No","No","CG","TT","CC","AG","AA"
121038,"Wasambaa",42,158,0,36.29999924,"No","No","CC","CC","CT","AG","AA"
121039,"Wasambaa",37,164,0,36,"No","No","CC","TT","CC","GG","AA"
121054,"Wapare",19,174,0,36.79999924,"No","No","CC","CT","CC","AG","AA"
121055,"Wasambaa",19,156,0,36.40000153,"No","Yes","CC","CT","CC","AG","AA"
121072,"Wasambaa",19,166,0,36.59999847,"No","Yes","CC","CT","CC","AA","AA"
121086,"Wasambaa",19,163,0,36.59999847,"No","No","CG","CT","CC","AA","AA"
121089,"Wasambaa",21,153,1,36.79999924,"No","No","CC","CT","CC","AG","AA"
121093,"Wasambaa",20,154,0,36.59999847,"No","No","CC","CT","CT","GG","AA"
121095,"Wasambaa",18,167,0,36.70000076,"No","No","GG","TT","CC","AG","AA"
121103,"Wasambaa",19,160,0,36.59999847,"No","No","CC","CT","CC","AG","AA"
121108,NA,36,160,0,36.20000076,"No","No","CC","TT","CT","GG","AA"
121110,"Wasambaa",20,174,0,37.70000076,"No","No","CC","CT","CC","AG","AA"
121111,"Wasambaa",28,168,0,36.29999924,"No","No","CC","CT","CC","AG","AA"
121112,"Wasambaa",20,168,0,36.59999847,"No","No","CG","CT","CC","AG","AA"
121114,"Wasambaa",30,162,0,36.70000076,"No","No","CG","CT","CC","AA","AA"
121123,"Wasambaa",29,175,0,36,"No","No","CC","TT","CC","AA","AA"
121139,"Wasambaa",19,156,0,36,"No","No","CC","TT","CC","AG","AA"
121141,"Wasambaa",18,152,0,36.29999924,"No","No","CC","CT","CC","AG","AA"
121153,"Wapare",26,157,0,36,"No","No","CC","CC","CT","AA","AA"
121154,"Wasambaa",19,172,0,37.20000076,"No","No","CG","TT","CT","AA","AA"
121155,"Other",19,173,0,36,"No","No","CC","CT","CT","AG","AA"
121158,"Wasambaa",44,167,0,36,"No","No","CC","CT","CT","AG","AA"
121173,"Wasambaa",33,162,0,36.5,"No","No","CC","TT","CC","AG","AA"
121175,"Wasambaa",38,167,0,36.29999924,"No","No","CC","CT","CT","AG","AA"
121196,"Other",36,176,1,36.59999847,"No","No","CG","CT","CT","AG","AA"
121220,"Wasambaa",34,163,0,36.40000153,"No","No","CC","TT","CC","AG","AA"
121239,"Wasambaa",26,169,0,36.20000076,"No","No","CC","CT","CT","GG","AA"
121240,"Other",33,166,0,36.79999924,"No","No","CC","TT","CC","AG","AA"
121242,"Wasambaa",32,167,0,37.09999847,"No","No","CC","CC","CT","AG","AA"
121243,"Wasambaa",28,162,0,36.79999924,"No","No","CC","CT","TT","GG","AA"
121244,"Other",29,168,0,36.79999924,"No","No","CC","TT","CC","GG","AA"
121250,"Other",33,172,0,36.40000153,"No","No","CG",NA,"CC","AA","AA"
122009,"Wasambaa",21,160,0,37.59999847,"No","No","CC","CC","CC","GG","AA"
122025,"Wasambaa",35,160,0,36.09999847,"No","No","CG","TT","CT","GG","AA"
122032,"Wasambaa",38,170,0,36.29999924,"No","No","CC","CT","CC","AG","AA"
122036,"Wasambaa",30,152,0,36.70000076,"No","No","CC","TT","CT","AA","AA"
122041,"Wasambaa",38,171,0,36.29999924,"No","No","CC","TT","CT","AA","AA"
122042,"Wasambaa",23,165,0,36.59999847,"No","No","CC","CT","CT","AA","AA"
122059,"Wasambaa",40,173,1,36.5,"No","No","CG","TT","CT","AG","AA"
122069,"Wasambaa",42,165,0,36.29999924,"No","No","CC","TT","CT","GG","AA"
122125,"Wasambaa",30,169,1,36.90000153,"No","No","CC","CT","CC","AG","AA"
122132,"Wasambaa",33,175,0,36.40000153,"No","No","CG","CC","CC","GG","AA"
122227,"Wasambaa",40,166,0,36.40000153,"No","No","CG","TT","CT","AA","AA"
122229,"Wasambaa",34,173,0,36.70000076,"No","No","CC","TT","CT","GG","AA"
122230,NA,32,178,0,36,"No","No",NA,NA,NA,NA,"AA"
123025,"Wasambaa",42,161,NA,36.5,"No","No","CC","CC","CC","AG","AA"
123035,"Other",35,160,0,36.79999924,"No","No","CC","TT","CC","AA","AA"
123060,"Wasambaa",23,171,0,36,"No","No","CC","TT","CT","AA","AA"
123078,"Wasambaa",25,154,0,36.59999847,"No","No",NA,"CT","TT","AG","AA"
123106,"Wasambaa",19,154,0,37.29999924,"No","Yes","CG","TT","CC","GG","AA"
123107,"Wasambaa",32,168,0,36,"No","No","CG","CT","CC","AG","AT"
123116,"Wasambaa",44,173,0,36.29999924,"No","Yes","CG","CT","CC","AG","AA"
123125,"Wasambaa",35,161,0,36.40000153,"No","No","CC","CT","CC","AA","AA"
123147,"Wasambaa",44,164,0,36.70000076,"No","No","GG","CT","CC","AA","AA"
123148,"Wasambaa",27,153,0,36.70000076,"No","No","GG","TT","CC","AG","AA"
123149,"Wasambaa",38,164,1,37.09999847,"No","No","CC","TT","CC","GG","AA"
123161,"Wasambaa",39,162,0,35.70000076,"No","No","CG","TT","CT","AA","AA"
123164,"Wasambaa",29,162,0,36,"No","No","CG","CC","CC","AG","AA"
123166,"Wasambaa",26,157,0,36.09999847,"No","Yes","CC","CC","CC","GG","AA"
123197,"Wasambaa",18,164,1,36.90000153,"No","No","CG","TT","CC","AG","AA"
123200,"Wasambaa",21,148,0,36.70000076,"No","No","CC","TT","TT","GG","AA"
123226,"Wasambaa",18,154,0,36.79999924,"No","No","CG","CT","CC","AG","AA"
124001,"Wasambaa",32,168,1,36.29999924,"No","No","CC","TT","CC","GG","AA"
124004,"Other",36,175,0,36.40000153,"No","No","CC","TT","CC","AG","AA"
124005,"Other",37,157,1,36.79999924,"No","No","CC","CT","CC","AA","AA"
124016,"Other",34,174,1,36.40000153,"No","No","CC","TT","CC","AA","AA"
124017,"Other",41,164,1,36,"No","No","CC","CT","CC","AG","AA"
124019,"Wapare",39,168,0,36.40000153,"Yes","Yes","CG","CT","CC","GG","AA"
124031,"Wapare",29,164,0,36.90000153,"No","No","CC","TT","CC","AG","AA"
124032,"Other",27,167,0,36.70000076,"No","No","CC","TT","TT","GG","AT"
124047,"Other",35,166,1,36.40000153,"No","No","CC","CT","CT","AG","AA"
124048,"Other",43,162,0,36.90000153,"No","Yes","CC","TT","CC","AG","AA"
124049,"Other",32,184,1,37.09999847,"No","No","CC","TT","CC","AG","AA"
124051,"Other",42,162,0,36.59999847,"No","No","CC","CT","CC","AG","AA"
124055,"Other",31,160,0,36.70000076,"No","No","CC","CC","CC","AG","AA"
124056,"Other",25,159,0,36.09999847,"No","No","CC","TT","CC","AG","AA"
124057,"Other",38,159,0,36.59999847,"No","No","CC","TT","CC","AA","AA"
124058,"Other",25,167,0,36.70000076,"No","No","CG","CT","CC","AA","AT"
124059,"Wapare",23,177,1,36.5,"No","No","CG","TT","CC","AA","AA"
124060,"Other",35,162,0,36.59999847,"No","No","CC","CT","CC","AG","AA"
124061,"Other",29,160,0,36.59999847,"No","No","CC","TT","CC","AA","AA"
124063,"Wapare",27,166,0,36.59999847,"No","Yes","CG","TT","CC","AG","AA"
124065,"Other",40,163,0,36.5,"No","No","CC","TT","CC","AG","AA"
124100,"Other",23,163,0,36.09999847,"No","No","CG","TT","CC","AA","AA"
124105,"Wachaga",31,167,0,36.29999924,"No","No","CC","TT","CC","GG","AA"
124107,"Wasambaa",42,163,1,36.09999847,"No","No","CC","CT","CC","AG",NA
124124,"Other",24,157,1,36.79999924,"No","No","CC","CC","CC",NA,"AA"
124137,"Other",35,160,0,36.79999924,"No","No","CG","CT","CC","AA","AA"
124138,"Other",41,169,0,36.79999924,"No","No","CC","TT","CC","AA","AA"
124191,"Other",42,154,0,37.09999847,"No","No","CG","TT","CC","AG","AA"
124194,"Other",19,173,0,37.29999924,"No","No","CG","CT","CC","AA","AA"
124196,"Other",25,163,0,37.29999924,"No","No","CC","CT","CC","GG","AA"
124197,"Other",42,152,0,37,"No","No","CC","TT","CC","AG","AA"
124198,"Other",33,170,0,37.09999847,"No","No","CC","TT","CC","AG","AT"
124199,"Other",32,152,0,37.20000076,"No","No","CC","CT","CC","AG","AA"
202023,"Wachaga",35,173,0,36.59999847,"No","No","CG","CT","CT","AG","AA"
202142,"Wasambaa",18,166,1,36.70000076,"No","No","CC","CT","CT","AA","AA"
202152,"Wachaga",38,178,1,37.20000076,"No","No","CG","TT","CC","AA","AA"
202154,"Wachaga",38,171,1,35.79999924,"No","No","CC","CT","TT","AA","AA"
202155,"Wachaga",21,174,0,36.29999924,"No","No","CG","CT","CC","AG","AA"
202196,"Wachaga",33,165,0,36.29999924,"No","No","CC","CT","CT","AG","AA"
202204,"Wachaga",25,168,0,36.70000076,"No","No","CG","CT","TT","AG","AA"
202243,"Wachaga",27,162,1,36.79999924,"No","No","CC","CT","CC","AG","AA"
203071,"Wachaga",38,172,1,36.70000076,"No","No","CC","TT","CC","AG","AA"
203107,"Wachaga",24,171,0,36.29999924,"No","No","CC",NA,"CT",NA,"AA"
203112,"Wachaga",38,175,0,36.70000076,"No","No","CG","TT","CC","AG","AA"
203115,"Wachaga",37,170,0,36,"No","No","CC","CC","CC","AG","AA"
203164,"Wachaga",20,171,0,36.5,"No","No","CG","CC","CC","AA","AA"
203167,"Other",18,164,0,36.59999847,"No","No","CG","TT","CC","AG","AA"
203169,"Wachaga",20,161,0,37.20000076,"No","No","CC","CT","CC","AG","AA"
203170,"Wachaga",44,167,0,36.59999847,"No","No","CG","TT","CC","AG","AA"
203171,"Wachaga",18,162,0,37.20000076,"No","No","CC","CC","CT","GG","AA"
203173,"Wachaga",33,166,0,36.59999847,"No","No","CC","TT",NA,"AG","AA"
203174,"Wachaga",39,174,0,35.70000076,"No","No","CC","TT","CC","AG","AA"
203175,"Wachaga",18,173,0,37,"No","No","CC","TT","CC","AG","AA"
205019,"Wapare",37,157,0,35.59999847,"No","No","CG","TT","CC","AA","AA"
205022,"Wapare",20,168,0,35.40000153,"No","No","CC","CT","CC","AA","AA"
205025,"Wapare",18,168,0,36.70000076,"No","No","CC","TT","CC","AA","AA"
205035,"Wapare",40,168,0,36,"No","No","CG","CT","CC","GG","AA"
205110,"Wapare",25,175,0,36.20000076,"No","No","CG","CT","CC","GG","AA"
205126,NA,18,167,0,36.20000076,"No","No","CG","CT","CC","AA","AA"
205141,"Wapare",30,152,0,35.5,"No","No","CC","CT","CC","AG","AA"
205160,"Other",40,167,0,36.20000076,"No","No","CC","TT","CT","AG","AA"
205162,"Wapare",43,173,0,36.40000153,"No","No","CG","CT","CC","AA","AA"
205164,"Wapare",40,160,0,36.20000076,"No","No","CC","TT","CC","AA","AA"
205166,"Wapare",33,163,0,36.79999924,"No","No","CC",NA,"CC","AG","AA"
205168,"Wapare",18,162,0,36.40000153,"No","No","CC","TT","CC","AG","AA"
205169,"Wapare",36,165,0,36.40000153,"No","No","CC","CT","CC","GG","AA"
205170,"Wapare",26,174,0,36.70000076,"No","No","CC","CT","CC","AG","AA"
205171,"Wapare",37,173,0,36,"No","No","CG","TT","CC","AA","AA"
205172,"Wapare",27,160,0,36.20000076,"No","No","CC","CT","CC","GG","AA"
205174,"Wapare",18,173,0,36.79999924,"No","No","CG","CT","CT","AG","AA"
205177,"Wapare",18,164,0,36.70000076,"No","No","CG","TT","CC","AG","AA"
205179,"Wapare",18,165,0,37.09999847,"No","No","CC","CC","CC","AA","AA"
206013,"Wasambaa",18,164,0,38,"No","No","CC","CT","CC","AA","AA"
206026,"Wapare",31,168,0,36.40000153,"No","No","CC","TT","CC","AG","AA"
206085,"Wasambaa",21,162,0,37.09999847,"No","No","CC","TT","CT","GG","AA"
206098,"Wapare",21,164,0,36.70000076,"No","No","CG","CT","CC","AA","AA"
206102,"Other",24,167,0,37.20000076,"No","No","CC",NA,"CC","AG","AA"
206107,"Wapare",26,160,0,36.79999924,"No","No","CG","CT","CT","GG","AA"
206175,"Wapare",44,172,0,37.20000076,"No","No","CC","CT","CC","GG","AA"
206177,"Wapare",18,166,0,36.79999924,"No","No","CG","CT","CC","AG","AA"
206184,"Wapare",41,175,0,37.5,"No","No","CC",NA,"CC","AG","AA"
207008,"Wapare",42,166,0,36.90000153,"No","No","CG","TT","CC","AG","AT"
207021,"Wapare",29,177,0,37.20000076,"No","No","CG","TT","CT","AA","AA"
207022,"Wapare",32,167,0,37.20000076,"No","No","CC","CT","CC","AA","AA"
207024,"Wapare",34,168,0,36.90000153,"No","No","CG","CT","CC","AA","AA"
207025,"Wapare",40,168,0,37,"No","No","CG","TT","CT","AG","AA"
207058,"Wapare",27,157,0,37.20000076,"No","No","CC","CT","CC","AA","AA"
207059,"Wapare",22,143,0,36.90000153,"No","No","GG","TT","CC","AA",NA
207197,"Wapare",21,172,0,37,"No","No","CC","TT","CT","AG","AA"
207198,"Wapare",18,160,0,37.09999847,"No","No","CC","TT","CC","AG","AA"
207220,"Wapare",30,163,0,37.09999847,"No","No","CC","TT","CC","AG","AA"
207226,"Wapare",42,166,0,36.5,"No","No","GG","CT","CC","AG","AA"
207229,"Wapare",24,160,0,36,"No","No","CG","CT","CC","AG","AA"
207232,"Wapare",43,179,0,36,"No","No","CC","TT","CT","AA","AA"
209015,"Wapare",43,162,0,36.70000076,"No","No","CC","TT","CC","AG","AA"
209025,"Wapare",30,166,0,36.59999847,"No","No","CC","CT","CC","AA","AA"
209034,"Wapare",36,150,0,36,"No","No",NA,NA,"CC",NA,"AA"
209072,"Wapare",22,170,0,37.5,"No","No","CG","CT","CT","AA","AA"
209099,"Wapare",35,158,0,36.29999924,"No","No","CC","CC","CT","GG","AA"
209102,"Wapare",21,170,0,37,"No","No","CC","TT","CC","GG","AA"
209120,"Wapare",38,162,0,36.40000153,"No","No","CC","TT","CC","AA","AA"
209125,"Wapare",18,134,0,37,"No","No","CC","TT","CC","AA","AA"
209140,"Wapare",36,164,0,36.59999847,"No","No","CC","TT","CC","AG","AA"
209209,"Wapare",40,176,1,36.70000076,"No","No","CC","CT","CC","AG","AA"
209211,"Wapare",44,160,0,36.79999924,"No","No","CC",NA,NA,NA,"AA"
209234,"Wapare",42,170,0,36.59999847,"No","No","CC","CT","CC","AA","AA"
209250,"Wapare",37,159,0,36.09999847,"No","No","CC","CT","CC","AA","AA"
209251,"Wapare",34,165,0,36.40000153,"No","No","CG","CT","CC","AA","AA"
210053,"Wapare",43,157,1,36.40000153,"No","No","CC","TT","CT","AG","AA"
210092,"Wapare",35,164,0,36.79999924,"No","No","CC",NA,"CT","AG","AA"
210105,"Wapare",41,174,0,36,"No","No","CC","TT","CC","AA","AA"
210106,"Wapare",29,161,0,36.59999847,"No","No","CC","TT","CC","AG","AA"
210112,"Wapare",21,169,0,36.70000076,"No","No","CG","TT","CT","GG","AA"
210115,"Wapare",35,163,0,36.79999924,"No","Yes","CC","TT","CC","AG","AA"
210168,"Wapare",40,159,0,36.59999847,"No","No","CC","TT","CC","AA","AA"
210199,"Wapare",18,165,0,36.70000076,"No","No","GG","CT","CC","AG","AA"
210207,"Wapare",20,139,0,37,"No","No","CG","TT","CT","AG","AA"
210218,"Wapare",20,172,0,36.09999847,"No","No","CC","TT","CC","GG","AA"
210223,"Wapare",41,167,0,36.20000076,"No","No","CC","CT","CC","AG","AA"
210228,"Wapare",42,160,0,36.29999924,"No","No","CG","CT","CC","AG","AA"
211011,"Wapare",38,154,0,36.59999847,"No","No","CC","TT","CC","AG","AA"
211017,"Wapare",18,160,0,39.59999847,"No","No","CC","CC","CC","GG","AA"
211018,"Wapare",31,170,0,36,"No","No","CC",NA,"CC","AG","AA"
211020,"Wapare",23,166,0,36.20000076,"No","No","CC","TT","CC","AA","AA"
211034,"Wapare",23,166,0,36.5,"No","No","CC","TT","CC","AG","AA"
211041,"Wapare",44,169,0,36.79999924,"No","No","CC","CT","CT","GG","AA"
211042,"Wapare",43,152,0,36.70000076,"No","No","CG","CT","CT","GG","AA"
211052,"Wapare",27,164,0,37.20000076,"No","No","CC","TT","CC","GG","AA"
211053,"Wapare",24,166,1,37,"No","No","CG","TT","CC","AG","AA"
211065,"Wapare",36,162,0,37.29999924,"No","No","CC","TT","CC","AG","AA"
211075,NA,22,155,0,36.09999847,"No","No","CC","TT","CC","AG","AA"
211091,"Wapare",36,165,1,36.40000153,"No","No","CG","TT","CC","GG","AA"
211162,"Wapare",34,163,0,36.29999924,"No","No","CG","TT","CT","AA","AA"
211177,"Wapare",40,173,0,36,"No","No","CC","CT","CT","AG","AA"
211201,"Wapare",38,153,1,36.59999847,"No","No","CC","TT","CC","AG","AA"
211203,"Wapare",41,156,0,36.09999847,"No","No","CC","TT","CC","AG","AA"
212004,"Wapare",32,145,0,36.09999847,"No","No","CC","CT","CT","AG",NA
212010,"Wapare",29,166,0,36.20000076,"No","No","CG","CT","CT","AG","AA"
212014,"Wapare",32,162,0,36.29999924,"No","No","CG",NA,"CC","AA","AA"
212030,"Wapare",25,164,0,36.40000153,"No","No","GG","CT","CT","AG",NA
212044,"Wapare",44,169,0,36,"No","No","CC","CT","CT","AG","AA"
212053,"Wapare",26,173,0,36.40000153,"No","No","CG","CT","CT","GG","AA"
212055,"Wapare",34,171,0,36.40000153,"No","No","CC","TT","CC","AG","AA"
212107,"Wapare",18,156,0,37.59999847,"No","No","CG","CC","CT","AG","AA"
212111,"Wapare",25,163,0,36.79999924,"No","No","CG","TT","CC",NA,"AA"
212120,"Other",43,173,1,36.5,"No","No","CC","CT","CT","AA","AA"
212143,"Wapare",28,157,0,36,"No","No",NA,"CT","CT","AA","AA"
212172,"Wapare",30,165,0,37.20000076,"No","No","CC","CT","CC","GG","AA"
212187,"Wapare",38,161,0,36.29999924,"No","No","CC","TT","CC","GG","AA"
212206,"Wasambaa",42,158,0,36.29999924,"No","No","CG","CT","CT","AG","AA"
212215,"Wapare",41,156,1,36,"No","No","CC","TT","CT","AA","AA"
212221,"Wapare",40,174,0,37.70000076,"No","No","CC","CT","CC","AG","AA"
212233,"Wasambaa",36,163,0,36.70000076,"No","No","CC","TT","CT","AG","AA"
212235,"Wapare",43,163,0,36.59999847,"No","No","CG","CT","CT",NA,"AA"
212236,"Wapare",40,183,0,36.59999847,"No","No","CC","TT","CC","GG","AA"
212247,"Wapare",44,146,0,37,"No","No","CC","TT","CC","AG","AA"
212250,"Wasambaa",42,150,0,36.90000153,"No","No","CG","CT","TT","AG","AA"
212251,"Other",36,164,0,36.40000153,"No","No","CG",NA,"CC","AG","AA"
214001,"Other",40,156,0,37.90000153,"No","No","CC","TT","CC","AA","AA"
214002,"Wapare",29,165,0,37,"No","No","CC","CT","CC","AG","AA"
214014,"Wasambaa",36,166,0,36.79999924,"No","Yes","CC","CT","CC","AA","AA"
214018,"Wasambaa",37,163,0,38.70000076,"No","No","CC","TT","CC","AA","AA"
214047,"Wasambaa",42,148,0,37.09999847,"No","No","CC","TT","CT","AG","AA"
214068,"Wasambaa",18,150,0,36.40000153,"No","Yes","CC","CC","CT","GG","AA"
214083,"Wasambaa",24,163,0,36.79999924,"No","No","CG","CT","CC","AG","AA"
214098,"Wasambaa",42,169,0,36.29999924,"No","No","CG","CT","CT","AG","AA"
214169,"Wasambaa",26,166,1,36.5,"No","No","CC","CT","CC","AG","AA"
214173,"Wasambaa",22,172,0,37.09999847,"No","No","CC","TT","CC","GG","AA"
214184,"Wasambaa",34,166,0,36.70000076,"No","No","CG","TT","CT","AG","AA"
215003,"Wasambaa",32,161,0,36.79999924,"No","No","CG","CT","CT","AA","AA"
215009,"Wasambaa",33,164,0,37,"No","No","CC","TT","CC","GG","AA"
215038,"Wasambaa",35,163,0,36,"No","No","CC","TT","CC","GG","AA"
215039,"Wasambaa",24,160,0,36.20000076,"No","No","CC","TT","CC","GG","AA"
215198,"Wasambaa",22,159,0,36.5,"No","No","CC","CT","CC","AA","AA"
215203,"Wasambaa",18,146,0,36.09999847,"No","No","CC","TT","CC","AG","AA"
215215,"Wasambaa",24,165,0,36.79999924,"No","No","CC","TT","CC","AA","AA"
215227,"Wasambaa",24,171,0,37,"No","No","CC","TT","CC","AG","AA"
216001,"Wasambaa",38,163,0,37.09999847,"No","Yes","CG","TT","CC","GG","AA"
216002,"Wasambaa",34,172,1,36.90000153,"No","Yes","CC","CT","CC","AA","AA"
216003,"Wasambaa",36,167,0,36.59999847,"No","No","CG","CC","CC","GG","AA"
216010,"Wapare",18,148,0,37.09999847,"Yes","Yes","GG","CC","CT","AG","AA"
216024,"Other",18,160,1,37.20000076,"No","No","CC","TT","CC","AG","AA"
216041,"Wasambaa",33,160,0,37.40000153,"No","No","CC","TT","CC","AA","AA"
216076,"Wasambaa",29,160,0,37.40000153,"No","No","CG","TT","CC","AG","AA"
216085,"Wasambaa",18,163,1,37.5,"No","No","CC","TT","CC","AA","AA"
216109,"Wasambaa",18,140,0,37.79999924,"Yes","Yes","CC","TT","CT","AG","AA"
216188,"Wasambaa",20,160,1,37.40000153,"No","No","CC","TT","CC","GG","AA"
216192,"Wasambaa",26,170,0,37,"No","No","CC",NA,"CT","AG","AA"
216194,"Wasambaa",27,166,0,37.09999847,"No","No","CC","CC","CC","AG","AA"
216195,"Wasambaa",37,165,0,37,"No","No","CC","CT","CC","GG","AA"
216196,"Wasambaa",44,153,0,37.59999847,"No","No","CC","TT","CC","AA","AA"
216199,"Wasambaa",42,170,0,36.70000076,"No","No","CG","TT","CT","AG","AA"
216205,"Wasambaa",39,168,0,37,"No","Yes","CC","TT","CT","GG","AA"
216207,"Wasambaa",42,161,1,36.90000153,"No","Yes","CC","TT","CT","GG","AA"
216232,"Other",40,164,0,36.79999924,"No","No","CC","TT","CT","AG","AA"
216237,"Wasambaa",23,167,0,36.90000153,"No","No","CC","TT","CC","AG","AA"
216239,"Wasambaa",40,154,0,37.20000076,"No","No",NA,NA,NA,"AA","AA"
217009,"Wasambaa",35,161,0,35.59999847,"No","No","CG","TT","CC","GG","AA"
217011,"Wasambaa",28,165,0,35.90000153,"No","No","CC","TT","CC","AA","AA"
217020,"Wasambaa",24,163,0,35.5,"No","No","CG","TT","CC","AG","AA"
217022,"Wasambaa",28,161,0,36.40000153,"No","No","CG","CT","CC","GG","AA"
217084,"Wasambaa",32,161,0,36.09999847,"No","No","CG","CT","CT","AG","AA"
217110,"Wasambaa",26,166,1,35.90000153,"No","No","CG","CC","CT","AG","AA"
217117,"Wasambaa",43,151,0,37,"No","No","CC","CC","CC","AA","AA"
217118,"Other",28,174,0,36.59999847,"No","No","CC","CT","CC","AG","AA"
217119,"Wasambaa",33,150,0,35.79999924,"No","No","CG","TT","CC","AA","AA"
217126,"Wasambaa",36,166,1,36.5,"No","No","CC","CT","CT","AG","AA"
217130,"Wasambaa",21,156,0,36.5,"No","No",NA,"TT","CC","AG","AA"
217188,"Wasambaa",23,172,0,36.5,"No","No","CC","TT","CC","GG","AA"
217196,"Wasambaa",35,167,0,36.79999924,"No","No","CC","CT","CC","AG","AA"
218208,"Wasambaa",33,164,0,37,"No","Yes","CC",NA,"CC","GG","AA"
218221,"Wasambaa",41,168,0,34.70000076,"No","No","CG","CT","CC","AA","AA"
218235,"Wasambaa",42,164,0,36.79999924,"No","Yes","CC","TT","CC","GG","AA"
218245,"Wasambaa",32,167,0,36.79999924,"No","No","CC",NA,"CC","AG","AA"
218249,"Wasambaa",38,156,0,36.79999924,"No","No","CG",NA,"CC","AG","AA"
219033,"Wasambaa",35,162,0,36.40000153,"No","No","CC","CT","CC","AG","AA"
219075,"Wasambaa",24,161,0,37,"No","No","CC","TT","CT","AA","AA"
219076,"Other",20,166,1,36.90000153,"No","No","CC","CT","CC","GG","AA"
219078,"Wasambaa",29,166,0,36.70000076,"No","No","CC","CC","CC","AG","AA"
219079,"Wasambaa",38,170,0,36.90000153,"No","No","CC","CT","CC","AG","AA"
219080,"Wasambaa",25,173,0,36,"No","No","CC","TT","CC","AA","AA"
219081,"Wasambaa",24,159,0,37.29999924,"No","No","CC","CT","CC","AA","AA"
219083,"Wasambaa",43,157,0,36.79999924,"No","No","CC","TT","CC","AG","AA"
219090,"Other",28,164,0,37.09999847,"No","No","CC","CT","CC","GG","AA"
219092,"Wasambaa",23,162,0,37.29999924,"No","No","CG","CT","CC","AA","AA"
219093,"Wasambaa",18,163,0,37.59999847,"No","Yes","CG","CT","CC","GG","AA"
219101,"Wasambaa",26,167,0,36.20000076,"No","Yes","CC",NA,"CC","AA","AA"
219102,"Wasambaa",18,169,0,36.09999847,"No","Yes","CC","TT","CC","AG","AT"
219103,"Wasambaa",36,163,0,37,"Yes","Yes","CG","TT","CT","AG","AA"
219105,"Wasambaa",19,172,0,36.09999847,"No","No","CG","CT","CT","AG","AA"
219115,"Other",34,161,0,36.79999924,"No","No","CC","CT","CC","AG","AA"
219119,"Wasambaa",18,153,1,37.09999847,"No","No","CC","TT","CC","AG",NA
219122,"Wasambaa",42,160,0,37,"No","No","CG",NA,"CC","AA","AA"
219152,"Wasambaa",32,176,1,37.09999847,"No","No","CG","CT","CC","GG","AA"
219159,"Wasambaa",36,167,0,35.20000076,"No","No","CC","TT","CC","AG","AA"
219167,"Wasambaa",28,160,1,35.29999924,"No","No","CC","CT","CC","AG","AA"
219172,"Wasambaa",42,162,0,36.09999847,"No","No","CC","CT","CC","AG","AA"
219173,"Wasambaa",29,159,0,36.20000076,"No","No","CC","TT","CT","AG","AA"
219192,"Wasambaa",39,171,0,36,"No","No","CG","CC","CC","AA","AA"
219203,"Wasambaa",46,168,0,36.70000076,"No","Yes",NA,NA,NA,NA,"AA"
219247,"Wasambaa",33,175,0,36.5,"No","Yes","CG","CT","CC","GG","AA"
220058,"Other",24,168,0,37.29999924,"No","No","CC","CC","CC","GG","AA"
220064,"Wasambaa",39,164,1,37.29999924,"No","No","CC","TT","CC","AG","AA"
220080,"Wasambaa",31,164,0,37.20000076,"No","No","CG",NA,"CC","AG","AT"
220133,"Wasambaa",28,163,0,37.09999847,"No","No","CG","CT","CC","AG","AA"
220148,"Wasambaa",34,164,1,36.59999847,"No","No","CC","CT","CC","AA","AA"
220175,"Wapare",38,151,0,37.40000153,"No","No","CC","TT","CT","AA","AA"
220183,"Other",39,163,1,37.09999847,"No","No",NA,NA,NA,"AA","AA"
